3, 0, 255, 0, 0
3, 10000, 0, -255, 0
3, 20000, 0, -255, 0
3, 30000, 0, -255, 0
3, 40000, 0, -255, 0
3, 50000, 0, -255, 0
3, 60000, 0, -255, 0
3, 70000, 0, -255, 0
3, 80000, 0, -255, 0
3, 90000, 0, -255, 0
3, 100000, 0, -255, 0
3, 110000, 0, -255, 0
3, 120000, 0, -255, 0
3, 130000, 0, -255, 0
3, 140000, 0, -255, 0
3, 150000, 0, -255, 0
3, 160000, 0, -255, 0
3, 170000, 0, -255, 0
3, 180000, 0, -255, 0
3, 190000, 0, -255, 0
3, 200000, 0, -255, 0
3, 210000, 0, -255, 0
3, 220000, 0, -255, 0
3, 230000, 0, -255, 0
3, 240000, 0, -255, 0
3, 250000, 0, -255, 0
3, 260000, 0, -255, 0
3, 270000, 0, -255, 0
3, 280000, 0, -255, 0
3, 290000, 0, -255, 0
3, 300000, 0, -255, 0
3, 310000, 0, -255, 0
3, 320000, 0, -255, 0
3, 330000, 0, -255, 0
3, 340000, 0, -255, 0
3, 350000, 0, -255, 0
3, 360000, 0, -255, 0
3, 370000, 0, -255, 0
3, 380000, 0, -255, 0
3, 390000, 0, -255, 0
3, 400000, 0, -255, 0
3, 410000, 0, -255, 0
3, 420000, 0, -255, 0
3, 430000, 0, -255, 0
3, 440000, 0, -255, 0
3, 450000, 0, -255, 0
3, 460000, 0, -255, 0
3, 470000, 0, -255, 0
3, 480000, 0, -255, 0
3, 490000, 0, -255, 0
3, 500000, 0, -255, 0
3, 510000, 0, -255, 0
3, 520000, 0, -255, 0
3, 530000, 0, -255, 0
3, 540000, 0, -255, 0
3, 550000, 0, -255, 0
3, 560000, 0, -255, 0
3, 570000, 0, -255, 0
3, 580000, 0, -255, 0
3, 590000, 0, -255, 0
3, 600000, 0, -255, 0
3, 610000, 0, -255, 0
3, 620000, 0, -255, 0
3, 630000, 0, -255, 0
3, 640000, 0, -255, 0
3, 650000, 0, -255, 0
3, 660000, 0, -255, 0
3, 670000, 0, -255, 0
3, 680000, 0, -255, 0
3, 690000, 0, -255, 0
3, 700000, 0, -255, 0
3, 710000, 0, -255, 0
3, 720000, 0, -255, 0
3, 730000, 0, -255, 0
3, 740000, 0, -255, 0
3, 750000, 0, -255, 0
3, 760000, 0, -255, 0
3, 770000, 0, -255, 0
3, 780000, 0, -255, 0
3, 790000, 0, -255, 0
3, 800000, 0, -255, 0
3, 810000, 0, -255, 0
3, 820000, 0, -255, 0
3, 830000, 0, -255, 0
3, 840000, 0, -255, 0
3, 850000, 0, -255, 0
3, 860000, 0, -255, 0
3, 870000, 0, -255, 0
3, 880000, 0, -255, 0
3, 890000, 0, -255, 0
3, 900000, 0, -255, 0
3, 910000, 0, -255, 0
3, 920000, 0, -255, 0
3, 930000, 0, -255, 0
3, 940000, 0, -255, 0
3, 950000, 0, -255, 0
3, 960000, 0, -255, 0
3, 970000, 0, -255, 0
3, 980000, 0, -255, 0
3, 990000, 0, -255, 0
3, 1000000, 0, -255, 0
3, 1010000, 0, -255, 0
3, 1020000, 0, -255, 0
3, 1030000, 0, -255, 0
3, 1040000, 0, -255, 0
3, 1050000, 0, -255, 0
3, 1060000, 0, -255, 0
3, 1070000, 0, -255, 0
3, 1080000, 0, -255, 0
3, 1090000, 0, -255, 0
3, 1100000, 0, -255, 0
3, 1110000, 0, -255, 0
3, 1120000, 0, -255, 0
3, 1130000, 0, -255, 0
3, 1140000, 0, -255, 0
3, 1150000, 0, -255, 0
3, 1160000, 0, -255, 0
3, 1170000, 0, -255, 0
3, 1180000, 0, -255, 0
3, 1190000, 0, -255, 0
3, 1200000, 0, -255, 0
3, 1210000, 0, -255, 0
3, 1220000, 0, -255, 0
3, 1230000, 0, -255, 0
3, 1240000, 0, -255, 0
3, 1250000, 0, -255, 0
3, 1260000, 0, -255, 0
3, 1270000, 0, -255, 0
3, 1280000, 0, -255, 0
3, 1290000, 0, -255, 0
3, 1300000, 0, -255, 0
3, 1310000, 0, -255, 0
3, 1320000, 0, -255, 0
3, 1330000, 0, -255, 0
3, 1340000, 0, -255, 0
3, 1350000, 0, -255, 0
3, 1360000, 0, -255, 0
3, 1370000, 0, -255, 0
3, 1380000, 0, -255, 0
3, 1390000, 0, -255, 0
3, 1400000, 0, -255, 0
3, 1410000, 0, -255, 0
3, 1420000, 0, -255, 0
3, 1430000, 0, -255, 0
3, 1440000, 0, -255, 0
3, 1450000, 0, -255, 0
3, 1460000, 0, -255, 0
3, 1470000, 0, -255, 0
3, 1480000, 0, -255, 0
3, 1490000, 0, -255, 0
3, 1500000, 0, -255, 0
3, 1510000, 0, -255, 0
3, 1520000, 0, -255, 0
3, 1530000, 0, -255, 0
3, 1540000, 0, -255, 0
3, 1550000, 0, -255, 0
3, 1560000, 0, -255, 0
3, 1570000, 0, -255, 0
3, 1580000, 0, -255, 0
3, 1590000, 0, -255, 0
3, 1600000, 0, -255, 0
3, 1610000, 0, -255, 0
3, 1620000, 0, -255, 0
3, 1630000, 0, -255, 0
3, 1640000, 0, -255, 0
3, 1650000, 0, -255, 0
3, 1660000, 0, -255, 0
3, 1670000, 0, -255, 0
3, 1680000, 0, -255, 0
3, 1690000, 0, -255, 0
3, 1700000, 0, -255, 0
3, 1710000, 0, -255, 0
3, 1720000, 0, -255, 0
3, 1730000, 0, -255, 0
3, 1740000, 0, -255, 0
3, 1750000, 0, -255, 0
3, 1760000, 0, -255, 0
3, 1770000, 0, -255, 0
3, 1780000, 0, -255, 0
3, 1790000, 0, -255, 0
3, 1800000, 0, -255, 0
3, 1810000, 0, -255, 0
3, 1820000, 0, -255, 0
3, 1830000, 0, -255, 0
3, 1840000, 0, -255, 0
3, 1850000, 0, -255, 0
3, 1860000, 0, -255, 0
3, 1870000, 0, -255, 0
3, 1880000, 0, -255, 0
3, 1890000, 0, -255, 0
3, 1900000, 0, -255, 0
3, 1910000, 0, -255, 0
3, 1920000, 0, -255, 0
3, 1930000, 0, -255, 0
3, 1940000, 0, -255, 0
3, 1950000, 0, -255, 0
3, 1960000, 0, -255, 0
3, 1970000, 0, -255, 0
3, 1980000, 0, -255, 0
3, 1990000, 0, -255, 0
3, 2000000, 0, -255, 0
3, 2010000, 0, -255, 0
3, 2020000, 0, -255, 0
3, 2030000, 0, -255, 0
3, 2040000, 0, -255, 0
3, 2050000, 0, -255, 0
3, 2060000, 0, -255, 0
3, 2070000, 0, -255, 0
3, 2080000, 0, -255, 0
3, 2090000, 0, -255, 0
3, 2100000, 0, -255, 0
3, 2110000, 0, -255, 0
3, 2120000, 0, -255, 0
3, 2130000, 0, -255, 0
3, 2140000, 0, -255, 0
3, 2150000, 0, -255, 0
3, 2160000, 0, -255, 0
3, 2170000, 0, -255, 0
3, 2180000, 0, -255, 0
3, 2190000, 0, -255, 0
3, 2200000, 0, -255, 0
3, 2210000, 0, -255, 0
3, 2220000, 0, -255, 0
3, 2230000, 0, -255, 0
3, 2240000, 0, -255, 0
3, 2250000, 0, -255, 0
3, 2260000, 0, -255, 0
3, 2270000, 0, -255, 0
3, 2280000, 0, -255, 0
3, 2290000, 0, -255, 0
3, 2300000, 0, -255, 0
3, 2310000, 0, -255, 0
3, 2320000, 0, -255, 0
3, 2330000, 0, -255, 0
3, 2340000, 0, -255, 0
3, 2350000, 0, -255, 0
3, 2360000, 0, -255, 0
3, 2370000, 0, -255, 0
3, 2380000, 0, -255, 0
3, 2390000, 0, -255, 0
3, 2400000, 0, -255, 0
3, 2410000, 0, -255, 0
3, 2420000, 0, -255, 0
3, 2430000, 0, -255, 0
3, 2440000, 0, -255, 0
3, 2450000, 0, -255, 0
3, 2460000, 0, -255, 0
3, 2470000, 0, -255, 0
3, 2480000, 0, -255, 0
3, 2490000, 0, -255, 0
3, 2500000, 0, -255, 0
3, 2510000, 0, -255, 0
3, 2520000, 0, -255, 0
3, 2530000, 0, -255, 0
3, 2540000, 0, -255, 0
3, 2550000, 0, -255, 0
3, 2560000, 0, -255, 0
3, 2570000, 0, -255, 0
3, 2580000, 0, -255, 0
3, 2590000, 0, -255, 0
3, 2600000, 0, -255, 0
3, 2610000, 0, -255, 0
3, 2620000, 0, -255, 0
3, 2630000, 0, -255, 0
3, 2640000, 0, -255, 0
3, 2650000, 0, -255, 0
3, 2660000, 0, -255, 0
3, 2670000, 0, -255, 0
3, 2680000, 0, -255, 0
3, 2690000, 0, -255, 0
3, 2700000, 0, -255, 0
3, 2710000, 0, -255, 0
3, 2720000, 0, -255, 0
3, 2730000, 0, -255, 0
3, 2740000, 0, -255, 0
3, 2750000, 0, -255, 0
3, 2760000, 0, -255, 0
3, 2770000, 0, -255, 0
3, 2780000, 0, -255, 0
3, 2790000, 0, -255, 0
3, 2800000, 0, -255, 0
3, 2810000, 0, -255, 0
3, 2820000, 0, -255, 0
3, 2830000, 0, -255, 0
3, 2840000, 0, -255, 0
3, 2850000, 0, -255, 0
3, 2860000, 0, -255, 0
3, 2870000, 0, -255, 0
3, 2880000, 0, -255, 0
3, 2890000, 0, -255, 0
3, 2900000, 0, -255, 0
3, 2910000, 0, -255, 0
3, 2920000, 0, -255, 0
3, 2930000, 0, -255, 0
3, 2940000, 0, -255, 0
3, 2950000, 0, -255, 0
3, 2960000, 0, -255, 0
3, 2970000, 0, -255, 0
3, 2980000, 0, -255, 0
3, 2990000, 0, -255, 0
3, 3000000, 0, -255, 0
3, 3010000, -255, 0, 0
3, 3020000, -255, 0, 0
3, 3030000, -255, 0, 0
3, 3040000, -255, 0, 0
3, 3050000, -255, 0, 0
3, 3060000, -255, 0, 0
3, 3070000, -255, 0, 0
3, 3080000, -255, 0, 0
3, 3090000, -255, 0, 0
3, 3100000, -255, 0, 0
3, 3110000, -255, 0, 0
3, 3120000, -255, 0, 0
3, 3130000, -255, 0, 0
3, 3140000, -255, 0, 0
3, 3150000, -255, 0, 0
3, 3160000, -255, 0, 0
3, 3170000, -255, 0, 0
3, 3180000, -255, 0, 0
3, 3190000, -255, 0, 0
3, 3200000, -255, 0, 0
3, 3210000, -255, 0, 0
3, 3220000, -255, 0, 0
3, 3230000, -255, 0, 0
3, 3240000, -255, 0, 0
3, 3250000, -255, 0, 0
3, 3260000, -255, 0, 0
3, 3270000, -255, 0, 0
3, 3280000, -255, 0, 0
3, 3290000, -255, 0, 0
3, 3300000, -255, 0, 0
3, 3310000, -255, 0, 0
3, 3320000, -255, 0, 0
3, 3330000, -255, 0, 0
3, 3340000, -255, 0, 0
3, 3350000, -255, 0, 0
3, 3360000, -255, 0, 0
3, 3370000, -255, 0, 0
3, 3380000, -255, 0, 0
3, 3390000, -255, 0, 0
3, 3400000, -255, 0, 0
3, 3410000, -255, 0, 0
3, 3420000, -255, 0, 0
3, 3430000, -255, 0, 0
3, 3440000, -255, 0, 0
3, 3450000, -255, 0, 0
3, 3460000, -255, 0, 0
3, 3470000, -255, 0, 0
3, 3480000, -255, 0, 0
3, 3490000, -255, 0, 0
3, 3500000, -255, 0, 0
3, 3510000, -255, 0, 0
3, 3520000, -255, 0, 0
3, 3530000, -255, 0, 0
3, 3540000, -255, 0, 0
3, 3550000, -255, 0, 0
3, 3560000, -255, 0, 0
3, 3570000, -255, 0, 0
3, 3580000, -255, 0, 0
3, 3590000, -255, 0, 0
3, 3600000, -255, 0, 0
3, 3610000, -255, 0, 0
3, 3620000, -255, 0, 0
3, 3630000, -255, 0, 0
3, 3640000, -255, 0, 0
3, 3650000, -255, 0, 0
3, 3660000, -255, 0, 0
3, 3670000, -255, 0, 0
3, 3680000, -255, 0, 0
3, 3690000, -255, 0, 0
3, 3700000, -255, 0, 0
3, 3710000, -255, 0, 0
3, 3720000, -255, 0, 0
3, 3730000, -255, 0, 0
3, 3740000, -255, 0, 0
3, 3750000, -255, 0, 0
3, 3760000, -255, 0, 0
3, 3770000, -255, 0, 0
3, 3780000, -255, 0, 0
3, 3790000, -255, 0, 0
3, 3800000, -255, 0, 0
3, 3810000, -255, 0, 0
3, 3820000, -255, 0, 0
3, 3830000, -255, 0, 0
3, 3840000, -255, 0, 0
3, 3850000, -255, 0, 0
3, 3860000, -255, 0, 0
3, 3870000, -255, 0, 0
3, 3880000, -255, 0, 0
3, 3890000, -255, 0, 0
3, 3900000, -255, 0, 0
3, 3910000, -255, 0, 0
3, 3920000, -255, 0, 0
3, 3930000, -255, 0, 0
3, 3940000, -255, 0, 0
3, 3950000, -255, 0, 0
3, 3960000, -255, 0, 0
3, 3970000, -255, 0, 0
3, 3980000, -255, 0, 0
3, 3990000, -255, 0, 0
3, 4000000, -255, 0, 0
3, 4010000, -255, 0, 0
3, 4020000, -255, 0, 0
3, 4030000, -255, 0, 0
3, 4040000, -255, 0, 0
3, 4050000, -255, 0, 0
3, 4060000, -255, 0, 0
3, 4070000, -255, 0, 0
3, 4080000, -255, 0, 0
3, 4090000, -255, 0, 0
3, 4100000, -255, 0, 0
3, 4110000, -255, 0, 0
3, 4120000, -255, 0, 0
3, 4130000, -255, 0, 0
3, 4140000, -255, 0, 0
3, 4150000, -255, 0, 0
3, 4160000, -255, 0, 0
3, 4170000, -255, 0, 0
3, 4180000, -255, 0, 0
3, 4190000, -255, 0, 0
3, 4200000, -255, 0, 0
3, 4210000, -255, 0, 0
3, 4220000, -255, 0, 0
3, 4230000, -255, 0, 0
3, 4240000, -255, 0, 0
3, 4250000, -255, 0, 0
3, 4260000, -255, 0, 0
3, 4270000, -255, 0, 0
3, 4280000, -255, 0, 0
3, 4290000, -255, 0, 0
3, 4300000, -255, 0, 0
3, 4310000, -255, 0, 0
3, 4320000, -255, 0, 0
3, 4330000, -255, 0, 0
3, 4340000, -255, 0, 0
3, 4350000, -255, 0, 0
3, 4360000, -255, 0, 0
3, 4370000, -255, 0, 0
3, 4380000, -255, 0, 0
3, 4390000, -255, 0, 0
3, 4400000, -255, 0, 0
3, 4410000, -255, 0, 0
3, 4420000, -255, 0, 0
3, 4430000, -255, 0, 0
3, 4440000, -255, 0, 0
3, 4450000, -255, 0, 0
3, 4460000, -255, 0, 0
3, 4470000, -255, 0, 0
3, 4480000, -255, 0, 0
3, 4490000, -255, 0, 0
3, 4500000, -255, 0, 0
3, 4510000, -255, 0, 0
3, 4520000, -255, 0, 0
3, 4530000, -255, 0, 0
3, 4540000, -255, 0, 0
3, 4550000, -255, 0, 0
3, 4560000, -255, 0, 0
3, 4570000, -255, 0, 0
3, 4580000, -255, 0, 0
3, 4590000, -255, 0, 0
3, 4600000, -255, 0, 0
3, 4610000, -255, 0, 0
3, 4620000, -255, 0, 0
3, 4630000, -255, 0, 0
3, 4640000, -255, 0, 0
3, 4650000, -255, 0, 0
3, 4660000, -255, 0, 0
3, 4670000, -255, 0, 0
3, 4680000, -255, 0, 0
3, 4690000, -255, 0, 0
3, 4700000, -255, 0, 0
3, 4710000, -255, 0, 0
3, 4720000, -255, 0, 0
3, 4730000, -255, 0, 0
3, 4740000, -255, 0, 0
3, 4750000, -255, 0, 0
3, 4760000, -255, 0, 0
3, 4770000, -255, 0, 0
3, 4780000, -255, 0, 0
3, 4790000, -255, 0, 0
3, 4800000, -255, 0, 0
3, 4810000, -255, 0, 0
3, 4820000, -255, 0, 0
3, 4830000, -255, 0, 0
3, 4840000, -255, 0, 0
3, 4850000, -255, 0, 0
3, 4860000, -255, 0, 0
3, 4870000, -255, 0, 0
3, 4880000, -255, 0, 0
3, 4890000, -255, 0, 0
3, 4900000, -255, 0, 0
3, 4910000, -255, 0, 0
3, 4920000, -255, 0, 0
3, 4930000, -255, 0, 0
3, 4940000, -255, 0, 0
3, 4950000, -255, 0, 0
3, 4960000, -255, 0, 0
3, 4970000, -255, 0, 0
3, 4980000, -255, 0, 0
3, 4990000, -255, 0, 0
3, 5000000, -255, 0, 0
3, 5010000, -255, 0, 0
3, 5020000, -255, 0, 0
3, 5030000, -255, 0, 0
3, 5040000, -255, 0, 0
3, 5050000, -255, 0, 0
3, 5060000, -255, 0, 0
3, 5070000, -255, 0, 0
3, 5080000, -255, 0, 0
3, 5090000, -255, 0, 0
3, 5100000, -255, 0, 0
3, 5110000, -255, 0, 0
3, 5120000, -255, 0, 0
3, 5130000, -255, 0, 0
3, 5140000, -255, 0, 0
3, 5150000, -255, 0, 0
3, 5160000, -255, 0, 0
3, 5170000, -255, 0, 0
3, 5180000, -255, 0, 0
3, 5190000, -255, 0, 0
3, 5200000, -255, 0, 0
3, 5210000, -255, 0, 0
3, 5220000, -255, 0, 0
3, 5230000, -255, 0, 0
3, 5240000, -255, 0, 0
3, 5250000, -255, 0, 0
3, 5260000, -255, 0, 0
3, 5270000, -255, 0, 0
3, 5280000, -255, 0, 0
3, 5290000, -255, 0, 0
3, 5300000, -255, 0, 0
3, 5310000, -255, 0, 0
3, 5320000, -255, 0, 0
3, 5330000, -255, 0, 0
3, 5340000, -255, 0, 0
3, 5350000, -255, 0, 0
3, 5360000, -255, 0, 0
3, 5370000, -255, 0, 0
3, 5380000, -255, 0, 0
3, 5390000, -255, 0, 0
3, 5400000, -255, 0, 0
3, 5410000, -255, 0, 0
3, 5420000, -255, 0, 0
3, 5430000, -255, 0, 0
3, 5440000, -255, 0, 0
3, 5450000, -255, 0, 0
3, 5460000, -255, 0, 0
3, 5470000, -255, 0, 0
3, 5480000, -255, 0, 0
3, 5490000, -255, 0, 0
3, 5500000, -255, 0, 0
3, 5510000, -255, 0, 0
3, 5520000, -255, 0, 0
3, 5530000, -255, 0, 0
3, 5540000, -255, 0, 0
3, 5550000, -255, 0, 0
3, 5560000, -255, 0, 0
3, 5570000, -255, 0, 0
3, 5580000, -255, 0, 0
3, 5590000, -255, 0, 0
3, 5600000, -255, 0, 0
3, 5610000, -255, 0, 0
3, 5620000, -255, 0, 0
3, 5630000, -255, 0, 0
3, 5640000, -255, 0, 0
3, 5650000, -255, 0, 0
3, 5660000, -255, 0, 0
3, 5670000, -255, 0, 0
3, 5680000, -255, 0, 0
3, 5690000, -255, 0, 0
3, 5700000, -255, 0, 0
3, 5710000, -255, 0, 0
3, 5720000, -255, 0, 0
3, 5730000, -255, 0, 0
3, 5740000, -255, 0, 0
3, 5750000, -255, 0, 0
3, 5760000, -255, 0, 0
3, 5770000, -255, 0, 0
3, 5780000, -255, 0, 0
3, 5790000, -255, 0, 0
3, 5800000, -255, 0, 0
3, 5810000, -255, 0, 0
3, 5820000, -255, 0, 0
3, 5830000, -255, 0, 0
3, 5840000, -255, 0, 0
3, 5850000, -255, 0, 0
3, 5860000, -255, 0, 0
3, 5870000, -255, 0, 0
3, 5880000, -255, 0, 0
3, 5890000, -255, 0, 0
3, 5900000, -255, 0, 0
3, 5910000, -255, 0, 0
3, 5920000, -255, 0, 0
3, 5930000, -255, 0, 0
3, 5940000, -255, 0, 0
3, 5950000, -255, 0, 0
3, 5960000, -255, 0, 0
3, 5970000, -255, 0, 0
3, 5980000, -255, 0, 0
3, 5990000, -255, 0, 0
3, 6000000, -255, 0, 0
3, 6010000, 0, 255, 0
3, 6020000, 0, 255, 0
3, 6030000, 0, 255, 0
3, 6040000, 0, 255, 0
3, 6050000, 0, 255, 0
3, 6060000, 0, 255, 0
3, 6070000, 0, 255, 0
3, 6080000, 0, 255, 0
3, 6090000, 0, 255, 0
3, 6100000, 0, 255, 0
3, 6110000, 0, 255, 0
3, 6120000, 0, 255, 0
3, 6130000, 0, 255, 0
3, 6140000, 0, 255, 0
3, 6150000, 0, 255, 0
3, 6160000, 0, 255, 0
3, 6170000, 0, 255, 0
3, 6180000, 0, 255, 0
3, 6190000, 0, 255, 0
3, 6200000, 0, 255, 0
3, 6210000, 0, 255, 0
3, 6220000, 0, 255, 0
3, 6230000, 0, 255, 0
3, 6240000, 0, 255, 0
3, 6250000, 0, 255, 0
3, 6260000, 0, 255, 0
3, 6270000, 0, 255, 0
3, 6280000, 0, 255, 0
3, 6290000, 0, 255, 0
3, 6300000, 0, 255, 0
3, 6310000, 0, 255, 0
3, 6320000, 0, 255, 0
3, 6330000, 0, 255, 0
3, 6340000, 0, 255, 0
3, 6350000, 0, 255, 0
3, 6360000, 0, 255, 0
3, 6370000, 0, 255, 0
3, 6380000, 0, 255, 0
3, 6390000, 0, 255, 0
3, 6400000, 0, 255, 0
3, 6410000, 0, 255, 0
3, 6420000, 0, 255, 0
3, 6430000, 0, 255, 0
3, 6440000, 0, 255, 0
3, 6450000, 0, 255, 0
3, 6460000, 0, 255, 0
3, 6470000, 0, 255, 0
3, 6480000, 0, 255, 0
3, 6490000, 0, 255, 0
3, 6500000, 0, 255, 0
3, 6510000, 0, 255, 0
3, 6520000, 0, 255, 0
3, 6530000, 0, 255, 0
3, 6540000, 0, 255, 0
3, 6550000, 0, 255, 0
3, 6560000, 0, 255, 0
3, 6570000, 0, 255, 0
3, 6580000, 0, 255, 0
3, 6590000, 0, 255, 0
3, 6600000, 0, 255, 0
3, 6610000, 0, 255, 0
3, 6620000, 0, 255, 0
3, 6630000, 0, 255, 0
3, 6640000, 0, 255, 0
3, 6650000, 0, 255, 0
3, 6660000, 0, 255, 0
3, 6670000, 0, 255, 0
3, 6680000, 0, 255, 0
3, 6690000, 0, 255, 0
3, 6700000, 0, 255, 0
3, 6710000, 0, 255, 0
3, 6720000, 0, 255, 0
3, 6730000, 0, 255, 0
3, 6740000, 0, 255, 0
3, 6750000, 0, 255, 0
3, 6760000, 0, 255, 0
3, 6770000, 0, 255, 0
3, 6780000, 0, 255, 0
3, 6790000, 0, 255, 0
3, 6800000, 0, 255, 0
3, 6810000, 0, 255, 0
3, 6820000, 0, 255, 0
3, 6830000, 0, 255, 0
3, 6840000, 0, 255, 0
3, 6850000, 0, 255, 0
3, 6860000, 0, 255, 0
3, 6870000, 0, 255, 0
3, 6880000, 0, 255, 0
3, 6890000, 0, 255, 0
3, 6900000, 0, 255, 0
3, 6910000, 0, 255, 0
3, 6920000, 0, 255, 0
3, 6930000, 0, 255, 0
3, 6940000, 0, 255, 0
3, 6950000, 0, 255, 0
3, 6960000, 0, 255, 0
3, 6970000, 0, 255, 0
3, 6980000, 0, 255, 0
3, 6990000, 0, 255, 0
3, 7000000, 0, 255, 0
3, 7010000, 0, 255, 0
3, 7020000, 0, 255, 0
3, 7030000, 0, 255, 0
3, 7040000, 0, 255, 0
3, 7050000, 0, 255, 0
3, 7060000, 0, 255, 0
3, 7070000, 0, 255, 0
3, 7080000, 0, 255, 0
3, 7090000, 0, 255, 0
3, 7100000, 0, 255, 0
3, 7110000, 0, 255, 0
3, 7120000, 0, 255, 0
3, 7130000, 0, 255, 0
3, 7140000, 0, 255, 0
3, 7150000, 0, 255, 0
3, 7160000, 0, 255, 0
3, 7170000, 0, 255, 0
3, 7180000, 0, 255, 0
3, 7190000, 0, 255, 0
3, 7200000, 0, 255, 0
3, 7210000, 0, 255, 0
3, 7220000, 0, 255, 0
3, 7230000, 0, 255, 0
3, 7240000, 0, 255, 0
3, 7250000, 0, 255, 0
3, 7260000, 0, 255, 0
3, 7270000, 0, 255, 0
3, 7280000, 0, 255, 0
3, 7290000, 0, 255, 0
3, 7300000, 0, 255, 0
3, 7310000, 0, 255, 0
3, 7320000, 0, 255, 0
3, 7330000, 0, 255, 0
3, 7340000, 0, 255, 0
3, 7350000, 0, 255, 0
3, 7360000, 0, 255, 0
3, 7370000, 0, 255, 0
3, 7380000, 0, 255, 0
3, 7390000, 0, 255, 0
3, 7400000, 0, 255, 0
3, 7410000, 0, 255, 0
3, 7420000, 0, 255, 0
3, 7430000, 0, 255, 0
3, 7440000, 0, 255, 0
3, 7450000, 0, 255, 0
3, 7460000, 0, 255, 0
3, 7470000, 0, 255, 0
3, 7480000, 0, 255, 0
3, 7490000, 0, 255, 0
3, 7500000, 0, 255, 0
3, 7510000, 0, 255, 0
3, 7520000, 0, 255, 0
3, 7530000, 0, 255, 0
3, 7540000, 0, 255, 0
3, 7550000, 0, 255, 0
3, 7560000, 0, 255, 0
3, 7570000, 0, 255, 0
3, 7580000, 0, 255, 0
3, 7590000, 0, 255, 0
3, 7600000, 0, 255, 0
3, 7610000, 0, 255, 0
3, 7620000, 0, 255, 0
3, 7630000, 0, 255, 0
3, 7640000, 0, 255, 0
3, 7650000, 0, 255, 0
3, 7660000, 0, 255, 0
3, 7670000, 0, 255, 0
3, 7680000, 0, 255, 0
3, 7690000, 0, 255, 0
3, 7700000, 0, 255, 0
3, 7710000, 0, 255, 0
3, 7720000, 0, 255, 0
3, 7730000, 0, 255, 0
3, 7740000, 0, 255, 0
3, 7750000, 0, 255, 0
3, 7760000, 0, 255, 0
3, 7770000, 0, 255, 0
3, 7780000, 0, 255, 0
3, 7790000, 0, 255, 0
3, 7800000, 0, 255, 0
3, 7810000, 0, 255, 0
3, 7820000, 0, 255, 0
3, 7830000, 0, 255, 0
3, 7840000, 0, 255, 0
3, 7850000, 0, 255, 0
3, 7860000, 0, 255, 0
3, 7870000, 0, 255, 0
3, 7880000, 0, 255, 0
3, 7890000, 0, 255, 0
3, 7900000, 0, 255, 0
3, 7910000, 0, 255, 0
3, 7920000, 0, 255, 0
3, 7930000, 0, 255, 0
3, 7940000, 0, 255, 0
3, 7950000, 0, 255, 0
3, 7960000, 0, 255, 0
3, 7970000, 0, 255, 0
3, 7980000, 0, 255, 0
3, 7990000, 0, 255, 0
3, 8000000, 0, 255, 0
3, 8010000, 0, 255, 0
3, 8020000, 0, 255, 0
3, 8030000, 0, 255, 0
3, 8040000, 0, 255, 0
3, 8050000, 0, 255, 0
3, 8060000, 0, 255, 0
3, 8070000, 0, 255, 0
3, 8080000, 0, 255, 0
3, 8090000, 0, 255, 0
3, 8100000, 0, 255, 0
3, 8110000, 0, 255, 0
3, 8120000, 0, 255, 0
3, 8130000, 0, 255, 0
3, 8140000, 0, 255, 0
3, 8150000, 0, 255, 0
3, 8160000, 0, 255, 0
3, 8170000, 0, 255, 0
3, 8180000, 0, 255, 0
3, 8190000, 0, 255, 0
3, 8200000, 0, 255, 0
3, 8210000, 0, 255, 0
3, 8220000, 0, 255, 0
3, 8230000, 0, 255, 0
3, 8240000, 0, 255, 0
3, 8250000, 0, 255, 0
3, 8260000, 0, 255, 0
3, 8270000, 0, 255, 0
3, 8280000, 0, 255, 0
3, 8290000, 0, 255, 0
3, 8300000, 0, 255, 0
3, 8310000, 0, 255, 0
3, 8320000, 0, 255, 0
3, 8330000, 0, 255, 0
3, 8340000, 0, 255, 0
3, 8350000, 0, 255, 0
3, 8360000, 0, 255, 0
3, 8370000, 0, 255, 0
3, 8380000, 0, 255, 0
3, 8390000, 0, 255, 0
3, 8400000, 0, 255, 0
3, 8410000, 0, 255, 0
3, 8420000, 0, 255, 0
3, 8430000, 0, 255, 0
3, 8440000, 0, 255, 0
3, 8450000, 0, 255, 0
3, 8460000, 0, 255, 0
3, 8470000, 0, 255, 0
3, 8480000, 0, 255, 0
3, 8490000, 0, 255, 0
3, 8500000, 0, 255, 0
3, 8510000, 0, 255, 0
3, 8520000, 0, 255, 0
3, 8530000, 0, 255, 0
3, 8540000, 0, 255, 0
3, 8550000, 0, 255, 0
3, 8560000, 0, 255, 0
3, 8570000, 0, 255, 0
3, 8580000, 0, 255, 0
3, 8590000, 0, 255, 0
3, 8600000, 0, 255, 0
3, 8610000, 0, 255, 0
3, 8620000, 0, 255, 0
3, 8630000, 0, 255, 0
3, 8640000, 0, 255, 0
3, 8650000, 0, 255, 0
3, 8660000, 0, 255, 0
3, 8670000, 0, 255, 0
3, 8680000, 0, 255, 0
3, 8690000, 0, 255, 0
3, 8700000, 0, 255, 0
3, 8710000, 0, 255, 0
3, 8720000, 0, 255, 0
3, 8730000, 0, 255, 0
3, 8740000, 0, 255, 0
3, 8750000, 0, 255, 0
3, 8760000, 0, 255, 0
3, 8770000, 0, 255, 0
3, 8780000, 0, 255, 0
3, 8790000, 0, 255, 0
3, 8800000, 0, 255, 0
3, 8810000, 0, 255, 0
3, 8820000, 0, 255, 0
3, 8830000, 0, 255, 0
3, 8840000, 0, 255, 0
3, 8850000, 0, 255, 0
3, 8860000, 0, 255, 0
3, 8870000, 0, 255, 0
3, 8880000, 0, 255, 0
3, 8890000, 0, 255, 0
3, 8900000, 0, 255, 0
3, 8910000, 0, 255, 0
3, 8920000, 0, 255, 0
3, 8930000, 0, 255, 0
3, 8940000, 0, 255, 0
3, 8950000, 0, 255, 0
3, 8960000, 0, 255, 0
3, 8970000, 0, 255, 0
3, 8980000, 0, 255, 0
3, 8990000, 0, 255, 0
3, 9000000, 0, 255, 0
3, 9010000, 255, 0, 0
3, 9020000, 255, 0, 0
3, 9030000, 255, 0, 0
3, 9040000, 255, 0, 0
3, 9050000, 255, 0, 0
3, 9060000, 255, 0, 0
3, 9070000, 255, 0, 0
3, 9080000, 255, 0, 0
3, 9090000, 255, 0, 0
3, 9100000, 255, 0, 0
3, 9110000, 255, 0, 0
3, 9120000, 255, 0, 0
3, 9130000, 255, 0, 0
3, 9140000, 255, 0, 0
3, 9150000, 255, 0, 0
3, 9160000, 255, 0, 0
3, 9170000, 255, 0, 0
3, 9180000, 255, 0, 0
3, 9190000, 255, 0, 0
3, 9200000, 255, 0, 0
3, 9210000, 255, 0, 0
3, 9220000, 255, 0, 0
3, 9230000, 255, 0, 0
3, 9240000, 255, 0, 0
3, 9250000, 255, 0, 0
3, 9260000, 255, 0, 0
3, 9270000, 255, 0, 0
3, 9280000, 255, 0, 0
3, 9290000, 255, 0, 0
3, 9300000, 255, 0, 0
3, 9310000, 255, 0, 0
3, 9320000, 255, 0, 0
3, 9330000, 255, 0, 0
3, 9340000, 255, 0, 0
3, 9350000, 255, 0, 0
3, 9360000, 255, 0, 0
3, 9370000, 255, 0, 0
3, 9380000, 255, 0, 0
3, 9390000, 255, 0, 0
3, 9400000, 255, 0, 0
3, 9410000, 255, 0, 0
3, 9420000, 255, 0, 0
3, 9430000, 255, 0, 0
3, 9440000, 255, 0, 0
3, 9450000, 255, 0, 0
3, 9460000, 255, 0, 0
3, 9470000, 255, 0, 0
3, 9480000, 255, 0, 0
3, 9490000, 255, 0, 0
3, 9500000, 255, 0, 0
3, 9510000, 255, 0, 0
3, 9520000, 255, 0, 0
3, 9530000, 255, 0, 0
3, 9540000, 255, 0, 0
3, 9550000, 255, 0, 0
3, 9560000, 255, 0, 0
3, 9570000, 255, 0, 0
3, 9580000, 255, 0, 0
3, 9590000, 255, 0, 0
3, 9600000, 255, 0, 0
3, 9610000, 255, 0, 0
3, 9620000, 255, 0, 0
3, 9630000, 255, 0, 0
3, 9640000, 255, 0, 0
3, 9650000, 255, 0, 0
3, 9660000, 255, 0, 0
3, 9670000, 255, 0, 0
3, 9680000, 255, 0, 0
3, 9690000, 255, 0, 0
3, 9700000, 255, 0, 0
3, 9710000, 255, 0, 0
3, 9720000, 255, 0, 0
3, 9730000, 255, 0, 0
3, 9740000, 255, 0, 0
3, 9750000, 255, 0, 0
3, 9760000, 255, 0, 0
3, 9770000, 255, 0, 0
3, 9780000, 255, 0, 0
3, 9790000, 255, 0, 0
3, 9800000, 255, 0, 0
3, 9810000, 255, 0, 0
3, 9820000, 255, 0, 0
3, 9830000, 255, 0, 0
3, 9840000, 255, 0, 0
3, 9850000, 255, 0, 0
3, 9860000, 255, 0, 0
3, 9870000, 255, 0, 0
3, 9880000, 255, 0, 0
3, 9890000, 255, 0, 0
3, 9900000, 255, 0, 0
3, 9910000, 255, 0, 0
3, 9920000, 255, 0, 0
3, 9930000, 255, 0, 0
3, 9940000, 255, 0, 0
3, 9950000, 255, 0, 0
3, 9960000, 255, 0, 0
3, 9970000, 255, 0, 0
3, 9980000, 255, 0, 0
3, 9990000, 255, 0, 0
3, 10000000, 255, 0, 0
3, 10010000, 255, 0, 0
3, 10020000, 255, 0, 0
3, 10030000, 255, 0, 0
3, 10040000, 255, 0, 0
3, 10050000, 255, 0, 0
3, 10060000, 255, 0, 0
3, 10070000, 255, 0, 0
3, 10080000, 255, 0, 0
3, 10090000, 255, 0, 0
3, 10100000, 255, 0, 0
3, 10110000, 255, 0, 0
3, 10120000, 255, 0, 0
3, 10130000, 255, 0, 0
3, 10140000, 255, 0, 0
3, 10150000, 255, 0, 0
3, 10160000, 255, 0, 0
3, 10170000, 255, 0, 0
3, 10180000, 255, 0, 0
3, 10190000, 255, 0, 0
3, 10200000, 255, 0, 0
3, 10210000, 255, 0, 0
3, 10220000, 255, 0, 0
3, 10230000, 255, 0, 0
3, 10240000, 255, 0, 0
3, 10250000, 255, 0, 0
3, 10260000, 255, 0, 0
3, 10270000, 255, 0, 0
3, 10280000, 255, 0, 0
3, 10290000, 255, 0, 0
3, 10300000, 255, 0, 0
3, 10310000, 255, 0, 0
3, 10320000, 255, 0, 0
3, 10330000, 255, 0, 0
3, 10340000, 255, 0, 0
3, 10350000, 255, 0, 0
3, 10360000, 255, 0, 0
3, 10370000, 255, 0, 0
3, 10380000, 255, 0, 0
3, 10390000, 255, 0, 0
3, 10400000, 255, 0, 0
3, 10410000, 255, 0, 0
3, 10420000, 255, 0, 0
3, 10430000, 255, 0, 0
3, 10440000, 255, 0, 0
3, 10450000, 255, 0, 0
3, 10460000, 255, 0, 0
3, 10470000, 255, 0, 0
3, 10480000, 255, 0, 0
3, 10490000, 255, 0, 0
3, 10500000, 255, 0, 0
3, 10510000, 255, 0, 0
3, 10520000, 255, 0, 0
3, 10530000, 255, 0, 0
3, 10540000, 255, 0, 0
3, 10550000, 255, 0, 0
3, 10560000, 255, 0, 0
3, 10570000, 255, 0, 0
3, 10580000, 255, 0, 0
3, 10590000, 255, 0, 0
3, 10600000, 255, 0, 0
3, 10610000, 255, 0, 0
3, 10620000, 255, 0, 0
3, 10630000, 255, 0, 0
3, 10640000, 255, 0, 0
3, 10650000, 255, 0, 0
3, 10660000, 255, 0, 0
3, 10670000, 255, 0, 0
3, 10680000, 255, 0, 0
3, 10690000, 255, 0, 0
3, 10700000, 255, 0, 0
3, 10710000, 255, 0, 0
3, 10720000, 255, 0, 0
3, 10730000, 255, 0, 0
3, 10740000, 255, 0, 0
3, 10750000, 255, 0, 0
3, 10760000, 255, 0, 0
3, 10770000, 255, 0, 0
3, 10780000, 255, 0, 0
3, 10790000, 255, 0, 0
3, 10800000, 255, 0, 0
3, 10810000, 255, 0, 0
3, 10820000, 255, 0, 0
3, 10830000, 255, 0, 0
3, 10840000, 255, 0, 0
3, 10850000, 255, 0, 0
3, 10860000, 255, 0, 0
3, 10870000, 255, 0, 0
3, 10880000, 255, 0, 0
3, 10890000, 255, 0, 0
3, 10900000, 255, 0, 0
3, 10910000, 255, 0, 0
3, 10920000, 255, 0, 0
3, 10930000, 255, 0, 0
3, 10940000, 255, 0, 0
3, 10950000, 255, 0, 0
3, 10960000, 255, 0, 0
3, 10970000, 255, 0, 0
3, 10980000, 255, 0, 0
3, 10990000, 255, 0, 0
3, 11000000, 255, 0, 0
3, 11010000, 255, 0, 0
3, 11020000, 255, 0, 0
3, 11030000, 255, 0, 0
3, 11040000, 255, 0, 0
3, 11050000, 255, 0, 0
3, 11060000, 255, 0, 0
3, 11070000, 255, 0, 0
3, 11080000, 255, 0, 0
3, 11090000, 255, 0, 0
3, 11100000, 255, 0, 0
3, 11110000, 255, 0, 0
3, 11120000, 255, 0, 0
3, 11130000, 255, 0, 0
3, 11140000, 255, 0, 0
3, 11150000, 255, 0, 0
3, 11160000, 255, 0, 0
3, 11170000, 255, 0, 0
3, 11180000, 255, 0, 0
3, 11190000, 255, 0, 0
3, 11200000, 255, 0, 0
3, 11210000, 255, 0, 0
3, 11220000, 255, 0, 0
3, 11230000, 255, 0, 0
3, 11240000, 255, 0, 0
3, 11250000, 255, 0, 0
3, 11260000, 255, 0, 0
3, 11270000, 255, 0, 0
3, 11280000, 255, 0, 0
3, 11290000, 255, 0, 0
3, 11300000, 255, 0, 0
3, 11310000, 255, 0, 0
3, 11320000, 255, 0, 0
3, 11330000, 255, 0, 0
3, 11340000, 255, 0, 0
3, 11350000, 255, 0, 0
3, 11360000, 255, 0, 0
3, 11370000, 255, 0, 0
3, 11380000, 255, 0, 0
3, 11390000, 255, 0, 0
3, 11400000, 255, 0, 0
3, 11410000, 255, 0, 0
3, 11420000, 255, 0, 0
3, 11430000, 255, 0, 0
3, 11440000, 255, 0, 0
3, 11450000, 255, 0, 0
3, 11460000, 255, 0, 0
3, 11470000, 255, 0, 0
3, 11480000, 255, 0, 0
3, 11490000, 255, 0, 0
3, 11500000, 255, 0, 0
3, 11510000, 255, 0, 0
3, 11520000, 255, 0, 0
3, 11530000, 255, 0, 0
3, 11540000, 255, 0, 0
3, 11550000, 255, 0, 0
3, 11560000, 255, 0, 0
3, 11570000, 255, 0, 0
3, 11580000, 255, 0, 0
3, 11590000, 255, 0, 0
3, 11600000, 255, 0, 0
3, 11610000, 255, 0, 0
3, 11620000, 255, 0, 0
3, 11630000, 255, 0, 0
3, 11640000, 255, 0, 0
3, 11650000, 255, 0, 0
3, 11660000, 255, 0, 0
3, 11670000, 255, 0, 0
3, 11680000, 255, 0, 0
3, 11690000, 255, 0, 0
3, 11700000, 255, 0, 0
3, 11710000, 255, 0, 0
3, 11720000, 255, 0, 0
3, 11730000, 255, 0, 0
3, 11740000, 255, 0, 0
3, 11750000, 255, 0, 0
3, 11760000, 255, 0, 0
3, 11770000, 255, 0, 0
3, 11780000, 255, 0, 0
3, 11790000, 255, 0, 0
3, 11800000, 255, 0, 0
3, 11810000, 255, 0, 0
3, 11820000, 255, 0, 0
3, 11830000, 255, 0, 0
3, 11840000, 255, 0, 0
3, 11850000, 255, 0, 0
3, 11860000, 255, 0, 0
3, 11870000, 255, 0, 0
3, 11880000, 255, 0, 0
3, 11890000, 255, 0, 0
3, 11900000, 255, 0, 0
3, 11910000, 255, 0, 0
3, 11920000, 255, 0, 0
3, 11930000, 255, 0, 0
3, 11940000, 255, 0, 0
3, 11950000, 255, 0, 0
3, 11960000, 255, 0, 0
3, 11970000, 255, 0, 0
3, 11980000, 255, 0, 0
3, 11990000, 255, 0, 0
3, 12000000, 255, 0, 0
